Population,GDP_per_Capita_USD,Literacy_Rate_pct,Internet_Access_pct,Gender_Equality_Index,Higher_Education_Rate,Govt_Education_Expenditure_pct_GDP,Life_Expectancy_years,Unemployment_Rate_pct,Days_engaged_in_warfare_per_year,Carbon_Footprint,Medical_Doctors_per_1000,R_and_D_Expenditure_pct_GDP,Number_of_Patents,Number_of_Startups,Number_of_PhD_holders_per_million,Trade_Partners_Count,Import_Rank_Global,Export_Rank_Global,Migration_Rate,Immigration_Rate,Number_of_Religion,Defence_expenditure_on_GDP,Nuclear_Power_Status,Olympic_Medals_Count,HDI_Index,Regulation_Strictness_Ordinal,Happiness_Index_Ordinal,Population_log,GDP_per_Capita_USD_log,Olympic_Medals_Count_log,Carbon_Footprint_log,Space_Tech_Level_Ordinal
99565202,2313,37.7673638681766,11.4578849659894,27.7673638681766,19.90231623464135,3.40616552967361,57.2317850161116,0.242671752573628,31,4.1729272458256,1.25279141712232,7.81524478027852,2895.0,864.0,346,31,163,161,0.0,0.0,5,11.3390363411533,0,0,0.3048886230495912,1.0,1,18.41632329404192,7.746732907753622,0.0,1.64343872670937,1
59849246,23651,88.0994072662321,73.55869968575121,78.0994072662321,53.5586996857512,6.1089805318566,62.5665747795162,0.251703791042521,21,5.64973541826883,2.28466779076466,4.1089805318566,23859.0,20127.0,3336,67,130,127,19.9971054593864,22.0889639432902,6,2.92526356404898,1,96,0.62711315344405,3.0,3,17.90733940843548,10.07120295694072,4.574710978503383,1.894577067149758,4
20094220,24706,80.9654595437365,68.764063902005,70.9654595437365,48.764063902005,12.6652335107285,76.2899243667885,0.0821132123900867,5,5.22440510677186,1.6672476684676,10.6652335107285,22226.0,19819.0,3352,84,111,116,7.24880908389203,9.80852995554574,4,8.54579176742118,1,105,0.5875913458932494,4.0,4,16.81594281925187,10.11484188327536,4.663439094112067,1.828477872606918,4
175517703,17471,57.78023863328829,37.3339871367011,47.7802386332883,17.3339871367011,0.0,60.7573446821547,19.6544949189547,26,2.60885284779248,1.19048361115989,0.0,9396.0,3087.0,2232,41,116,95,3.85124222509772,4.76199192578027,5,0.0,0,30,0.4804585163278671,2.0,3,18.98325047327528,9.768354878544631,3.433987204485146,1.28338995115038,2
77160475,10827,68.2255886265645,47.6236850338162,58.22558862656449,27.6236850338162,0.0,63.0969782647636,0.307535837161075,19,4.85208914160339,1.69072340697477,0.0,7787.0,776.0,1036,28,82,113,14.6701572491605,15.5497765306108,5,0.0,0,27,0.5329726696614323,2.0,3,18.16139791498226,9.289890650734192,3.332204510175204,1.766798715715032,2
30122655,1226,46.3774636448085,19.109458826132,36.3774636448085,19.90231623464135,0.0,57.70911832001,0.369030838832498,27,7.26914702052361,0.904728808185794,2.171216995913575,0.0,0.0,252,14,77,139,8.82067520963217,8.36707424589686,4,0.0,0,19,0.5858445945552445,1.0,3,17.22078813761917,7.112327444710911,2.995732273553991,2.112531362304261,1
20407169,31485,92.1564485385889,83.5527117281217,82.1564485385889,63.5527117281217,16.4645680674855,77.526825436906,4.29214314255079,0,8.13795598458978,3.52750815351033,14.4645680674855,29916.0,26413.0,4356,99,94,13,9.80541688370998,13.0846695216165,5,10.9060627916723,1,144,0.850444483536694,4.0,4,16.83139686765136,10.35729828157457,4.976733742420574,2.212436726385091,4
16991746,500,39.296061276762,9.68395062254552,29.296061276762,0.0,8.474857261195961,53.0303403716799,0.396669260244715,37,1.0,1.6672476684676,6.47485726119596,0.0,0.0,0,1,139,200,7.36512684688177,6.44270471603846,7,11.3197015228825,0,0,0.4644401617149154,1.0,1,16.64823831355326,6.216606101084865,0.0,0.6931471805599453,1
99166069,2777,35.9944779687949,9.27868938568774,25.9944779687949,0.0,14.893687156968,65.0902400677852,0.242007900178454,33,7.18036363931599,0.382428485849508,12.893687156968,0.0,810.0,0,33,168,98,5.904088287698255,0.0,7,16.5800025902109,0,0,0.4759173611986722,1.0,1,18.41230647745703,7.929486523314289,0.0,2.101736604310682,1
162170281,13113,60.6448448752511,40.2188656320012,50.6448448752511,20.2188656320012,0.0,64.9955566210185,0.224339576969007,21,2.9536246372423,1.45587065064938,0.0,9891.0,11020.0,1709,61,127,115,6.66719505905092,6.06738409977376,4,0.0,0,78,0.5516309027995341,2.0,3,18.90415746461,9.481435640823564,4.369447852467021,1.374632787829894,2
154914956,4170,47.1015282261988,20.1034810007093,37.1015282261988,0.103481000709386,0.0,59.3299175905862,0.364933265732546,21,11.9183879873189,0.951493712987007,2.171216995913575,2371.0,0.0,315,10,172,172,8.89684156737361,8.49723212227572,8,0.0,0,6,0.4514727305339096,1.0,1,18.85838685979594,8.335911094196945,1.945910149055313,2.558651721786817,1
11107805,30319,76.2355791362899,61.9382603000011,66.2355791362899,41.9382603000011,1.86118858753436,70.6987366467152,0.122843182487028,17,1.0,3.25066455825693,0.0,22198.0,18679.0,2811,69,150,94,7.549144343383039,9.68968057612528,6,0.0,1,110,0.6254534231145337,3.0,4,16.22315866236615,10.31956283975631,4.709530201312334,0.6931471805599453,4
56837350,14392,47.7416508390685,27.0201542558072,37.74165083906851,7.02015425580726,6.18867380859882,63.5116940031141,0.107719364887659,17,9.24128766100648,1.21626856693706,4.18867380859882,15086.0,11406.0,2061,33,124,113,0.0,0.0,6,5.47727244190333,0,62,0.3856777644418696,2.0,1,17.85570425560328,9.57449725626267,4.143134726391533,2.326427359850891,2
106059824,14976,70.4594554583014,52.7620750752998,60.45945545830141,32.7620750752997,2.81189855124648,70.3154386787286,0.207884530669082,19,1.0,1.97857272662512,0.81189855124648,19428.0,18257.0,1884,63,51,70,9.93316837750529,11.3936923009049,4,0.890850704447127,0,65,0.7264286065887282,2.0,3,18.47951387966247,9.614270969992395,4.189654742026425,0.6931471805599453,3
178788007,5805,40.0899632718025,14.0660588532944,30.0899632718025,19.90231623464135,7.374933587095819,57.6903077163881,0.253903618295367,17,7.32121786938225,1.6672476684676,5.374933587095819,0.0,242.0,316,3,136,137,0.0,0.0,6,8.78449535449908,0,0,0.4542025787954398,1.0,1,19.00171134910321,8.666647144584575,0.0,2.118808622652346,1
183794228,15603,58.6760146959834,35.9777472441836,48.6760146959834,15.9777472441836,7.234063942785269,61.2443302997121,30.0087379935428,30,10.3381392048294,0.669611099719617,5.23406394278527,5184.0,0.0,1255,25,178,149,5.904088287698255,10.6122030899431,5,7.313370923505209,0,35,0.3070159476791979,1.0,1,19.02932736913395,9.655282570626547,3.58351893845611,2.428172193550273,1
78607120,500,21.9047043062497,0.0,11.9047043062497,0.0,0.0,52.7299945646485,0.494811283830899,41,1.94756342632127,0.1,0.0,0.0,0.0,0,1,200,176,5.519803778729869,3.30187882268986,4,5.15330227131793,0,0,0.2776690852170907,1.0,1,18.17997285126006,6.216606101084865,0.0,1.080978871881926,1
110271989,9427,66.2816803311613,43.0418982850336,56.2816803311613,23.0418982850336,6.47323607634249,63.1172459187729,0.398887649248976,32,1.24044201623658,0.635778663250207,4.47323607634249,11013.0,7459.0,1572,19,110,78,5.904088287698255,19.4092008326422,5,6.769148894793569,0,32,0.557405519834251,1.0,3,18.51846050818488,9.151439264056021,3.49650756146648,0.8066731750772506,1
33963179,18116,55.1600486360197,36.4992870924429,45.1600486360197,16.4992870924429,8.47396861298745,67.8979784888687,9.53524711904202,16,6.03552828269986,1.50967852281773,6.47396861298745,15703.0,8837.0,2437,38,164,145,0.0,0.0,5,6.93827323041815,0,58,0.4759551558917937,2.0,3,17.34078755459948,9.80460600297601,4.07753744390572,1.950972781236652,2
2299881,17131,78.34983520364919,60.8648531806829,68.3498352036492,40.8648531806829,2.26443229701771,65.0954788190202,0.277867597001077,18,7.81809161240067,0.997457554498574,0.264432297017719,14341.0,14289.0,3210,51,64,85,17.3137920587683,6.06738409977376,3,0.258425106204243,0,76,0.4945358200543494,2.0,3,14.64836837523544,9.748703338735261,4.343805421853684,2.176805476131117,3
10616365,12386,47.0054069622137,25.2154142532543,37.0054069622137,5.21541425325431,1.34839638326374,60.1025393633475,0.145233763398432,29,3.43753514968929,1.74358748799687,0.0,10256.0,8294.0,1682,43,160,112,0.0,0.0,5,1.0643934668475,0,81,0.3375522428586971,2.0,1,16.17790733066213,9.4244028145542,4.406719247264253,1.490099075826904,2
139884154,18373,75.4016450860704,57.6035946904812,65.4016450860704,37.6035946904812,5.41696463012216,69.1502412774616,0.261534567475453,19,1.25199745928807,1.6672476684676,3.41696463012216,16652.0,12585.0,1493,57,80,94,15.1169660354846,16.5573559563668,4,3.53618478835786,0,84,0.6611516466855398,2.0,3,18.75632517375032,9.818691900831412,4.442651256490317,0.811817582074352,3
156214120,24740,59.36280780780891,41.3314199805773,49.3628078078089,21.3314199805773,2.49298936541614,67.8121629602061,0.110946366821815,12,12.2400071459037,1.42778635427911,0.492989365416146,15092.0,3625.0,2292,47,30,88,0.0,1.0318610277184,6,0.705544496308775,0,49,0.5731558408819414,2.0,3,18.86673819461279,10.11621706550146,3.912023005428146,2.58324309022954,3
111216104,4969,31.9467151555096,5.59087089243824,21.9467151555096,0.0,3.40616552967361,61.1285438162077,0.186412610604093,35,10.0171500197497,0.919515103006247,0.0,3384.0,3389.0,239,28,158,131,0.0,0.0,5,0.0,0,0,0.1900533719701313,1.0,1,18.52698575843072,8.511175119090675,0.0,2.399453151379648,1
66195678,14635,48.6347084125348,29.1517017069648,38.6347084125348,9.15170170696482,2.06141427737188,65.6499868766508,0.0646333657592879,27,7.42899912366841,1.74558057499224,0.0614142773718812,10606.0,7491.0,2258,23,122,99,0.0,0.0,3,0.8546169595998779,0,84,0.3856984329950957,2.0,3,18.00812574687361,9.591239526139097,4.442651256490317,2.131678037049082,2
32715320,13515,75.5573503827527,56.7078109273702,65.5573503827527,36.7078109273701,0.0,65.1669797754388,30.7254160953597,14,4.20810839143406,0.610660148018962,0.0,15632.0,10075.0,3122,37,115,125,17.796245075671,6.06738409977376,8,0.0,0,25,0.5800665685477316,3.0,3,17.30335405825068,9.511629447834181,3.258096538021482,1.65021671717703,2
143390414,32727,93.6604375142294,84.0108231039336,83.6604375142294,64.0108231039336,9.55679912502092,77.4992279679132,10.1888180374719,5,14.2648546839458,3.46799800672484,7.55679912502093,26775.0,22232.0,3965,91,102,125,13.8195120989394,16.8895892168803,5,4.416644889139261,1,164,0.7316025639626814,3.0,4,18.78108164289165,10.39598625960923,5.10594547390058,2.725553106583443,4
30172884,7889,49.4648956273879,39.32033993100955,39.4648956273879,19.90231623464135,3.40616552967361,58.9892779434121,0.237671746495509,27,7.74716127918345,1.09553527380415,3.67186672054073,10144.0,2751.0,730,12,134,119,2.63762649719537,2.95656559137808,9,6.0339885321753,0,31,0.4248042668940374,1.0,1,17.22245423135633,8.97335141383992,3.465735902799727,2.168729222496094,1
155786114,19725,91.4700928914783,77.96262675297349,81.4700928914783,57.9626267529735,6.337375779973289,68.5379748800505,0.242014506731983,14,10.6903965198665,2.3403054286287,4.337375779973289,12042.0,18090.0,3872,56,57,102,20.8880116238897,23.1865183961887,7,2.7403622353752,1,104,0.6839945272515003,3.0,4,18.86399456676192,9.88969284151394,4.653960350157523,2.458767694486694,4
150792382,7931,56.4151328554493,31.6745413544665,46.4151328554493,11.6745413544665,1.63054255366302,60.1984728155386,36.3256171595772,24,10.5746691004247,0.648820670105433,0.0,3907.0,6646.0,865,28,144,123,5.904088287698255,12.8444341576115,6,2.52677915405615,0,40,0.4835235692858658,1.0,3,18.83141450165235,8.978660489639687,3.713572066704308,2.448819012127358,1
133094584,13675,91.4675365537431,73.5752506278029,81.4675365537431,53.57525062780289,0.0,71.01692509642,0.426151374426918,23,7.48798259116156,2.62464687539367,0.0,19762.0,5239.0,2322,40,107,87,31.4090227759995,32.8305655908115,6,0.0,0,104,0.6424965020542238,2.0,3,18.70657059884127,9.523397750759193,4.653960350157523,2.138651350315417,3
22339897,20206,78.0287815249704,60.276300721197,68.02878152497041,40.276300721197,4.9040708245745,69.8344252659101,28.5892009008189,16,4.52223730216364,1.52968034124206,2.9040708245745,17913.0,10412.0,2226,60,97,135,17.6347354540267,19.084239293272,4,3.00506314608389,0,75,0.654386806711052,2.0,3,16.92188478579365,9.913784358013496,4.330733340286331,1.708783086536735,3
123550459,35765,100.0,94.58940289869811,90.86652627036351,74.5894028986981,8.79445070375585,79.0336888375158,0.032304444313585,0,12.9959460377079,3.40281330603478,6.794450703755849,32169.625,27129.25,5000,86,141,48,12.9316223623606,16.6761976880275,4,2.30530005242203,1,180,0.842269651998849,3.0,4,18.63216021358095,10.48475300044798,5.198497031265826,2.638767718946987,4
111554956,16094,47.7862596220835,29.0323033270824,37.7862596220835,9.03230332708245,6.474538687765791,67.7341390561582,0.0255287606108836,18,6.43679384739537,2.10737068603893,4.47453868776579,10466.0,17350.0,1751,52,134,145,0.0,0.0,7,4.97612120576625,0,64,0.4781966073974941,2.0,3,18.53002791532749,9.686263943732909,4.174387269895637,2.006439821476179,2
84848829,15223,62.28123387858871,43.2808188560419,52.28123387858879,23.2808188560419,8.56394490073194,65.3066083872928,0.180829769732856,15,7.5547962200019,1.81442281027982,6.56394490073194,16840.0,12235.0,1638,38,113,119,4.88222993270127,6.08214692819189,3,7.16411090975069,0,72,0.4917243770122386,2.0,3,18.25638176050996,9.630628408975985,4.290459441148391,2.146492087072367,2
163897378,6712,37.675307660663,13.4217963126227,27.675307660663,0.0,3.40616552967361,57.9943905355033,0.155400553224322,34,3.81537294638021,1.29701124387289,0.0,3783.0,2349.0,805,30,117,139,0.0,0.0,6,2.54087947003861,0,14,0.2820997314209652,1.0,1,18.91475105212799,8.811801223938751,2.70805020110221,1.571813497365905,1
32450895,14159,48.0992254181044,26.7055131465401,38.0992254181044,6.70551314654013,1.68903593182247,64.9426140536947,0.139528169586747,23,6.11332977513329,1.3069656951981,0.0,14511.0,12053.0,987,44,97,131,0.0,6.06738409977376,5,1.24652084044821,0,0,0.4948079884109908,2.0,3,17.2952386124435,9.558176367247711,0.0,1.961970456989809,2
2500869,21751,66.87535175384241,51.4814916013258,56.87535175384239,31.4814916013258,0.77198279092546,67.970813127595,0.0752956439441225,22,5.63136395106632,2.73423476548097,0.0,20721.0,18837.0,2924,59,117,85,5.904088287698255,2.74184408937902,6,0.0,1,129,0.5640613758964386,4.0,3,14.73214922930047,9.987460986312307,4.867534450455582,1.891810507182194,3
53930399,12496,62.78693343224811,42.8848324008961,52.7869334322481,22.8848324008961,0.0,66.4474169781039,22.3757577639267,17,4.28861466422162,1.6672476684676,0.0,14191.0,6002.0,2335,59,104,91,7.55197590749306,8.57155570122265,5,0.0,0,71,0.5819336498505913,2.0,3,17.80320488430797,9.433243894485784,4.276666119016055,1.665556333355144,2
108957382,6906,39.0042363914373,14.787824488859,29.0042363914373,0.0,0.0,63.1400068793107,0.167131663822665,24,3.24324147740123,1.27177875563464,0.0,2959.0,0.0,275,7,156,124,0.0,0.0,6,0.0,0,17,0.3543996597227411,1.0,1,18.50646738208879,8.840290669088972,2.890371757896165,1.445327476550147,1
9642507,16214,59.3166255355553,43.0344524957654,49.3166255355553,23.0344524957654,14.243470734858,70.5821269267685,0.037017523026728,15,7.40214448046454,1.78802988295826,12.243470734858,15704.0,12975.0,3432,55,110,89,0.0,0.0,4,11.756339950774,0,118,0.6214289406890053,3.0,3,16.08169179872453,9.693692018741418,4.77912349311153,2.128486968560368,3
135483995,500,63.80871515343431,35.6726581978504,53.80871515343429,15.6726581978504,1.08524105859706,54.4286373567009,0.579801543668868,27,6.29002922921931,1.6672476684676,0.0,0.0,0.0,134,1,138,162,28.3352518468358,27.708040455719,6,3.33966384083063,0,0,0.2984146860167832,1.0,1,18.72436408060731,6.216606101084865,0.0,1.986507555507633,1
33671945,20711,60.2056753900322,37.7008365586636,50.2056753900322,17.7008365586636,5.17666983853765,66.6185644558219,0.307259984817802,25,11.4822769673829,2.10114872334099,2.171216995913575,6209.0,10214.0,434,26,68,126,11.2172885853168,11.7163208190431,4,5.17860537108508,0,4,0.4323740259039213,1.0,1,17.33217558572492,9.938468521431373,1.6094379124341,2.524309795608958,1
115129841,10373,27.9304359332748,0.0,17.9304359332748,0.0,0.0,58.4827566944816,0.222891883695637,32,10.0230957569591,1.21490752406798,0.0,0.0,5046.0,0,4,135,122,5.904088287698255,0.0,5,0.0,0,0,0.322730935731587,1.0,1,18.56157111028723,9.247057954911346,0.0,2.399992685957789,1
153396833,23994,69.3620667644274,55.6194099084093,59.3620667644274,35.6194099084093,0.0,65.3694650485441,0.0308122555970359,8,6.69114769937324,3.23268281460208,0.0,27349.0,14308.0,2711,67,72,101,0.0,1.59591184766732,4,0.0,1,77,0.5426361663501152,1.0,3,18.84853880783177,10.08560075429235,4.356708826689592,2.040070018073751,4
90427907,7301,46.7956865278081,39.32033993100955,36.7956865278081,0.681559930267296,0.0,60.6195342529476,0.324750182374797,24,3.34252940465163,1.46920381718101,0.0,0.0,0.0,431,16,148,102,6.46959036190619,6.24676504239801,6,1.10722695755594,0,49,0.4536993696196592,1.0,1,18.32006349453333,8.895903562215581,3.912023005428146,1.468456990474994,1
141897271,20125,74.3314368415675,58.0779130876376,64.3314368415675,38.0779130876376,6.538439138980159,65.9789049471951,18.5962366080729,10,7.07924472514794,2.38765905807934,4.538439138980159,16279.0,10549.0,2043,54,61,70,10.3398938509991,12.0891891002132,5,4.0398486405521,0,103,0.6462003932467277,3.0,4,18.77061391713927,9.909767790493278,4.644390899141372,2.089298393553577,3
103826447,36881,100.0,100.0,100.0,100.0,18.1198286017748,75.2628754694828,0.370948123163582,0,7.22155663750911,3.84245802063065,16.1198286017748,30789.0,27076.0,4575,100,55,35,43.9307644707129,47.3569813767523,8,12.267394789696,1,160,0.84912200701064,3.0,4,18.45823129392851,10.51547890613506,5.081404364984463,2.106759563099228,4
121073114,11826,70.9779682852709,52.0023915450285,60.9779682852709,32.0023915450285,0.0,69.6699123554599,0.266753905942886,14,10.1691894105416,2.54246192134363,0.0,12065.0,6973.0,2386,37,119,79,13.5193524618524,14.7242371138039,7,0.0,0,64,0.5566582292490768,2.0,3,18.6119051772701,9.378140332251117,4.174387269895637,2.413159042009361,2
100445307,21656,57.39729309272739,36.7231882058738,47.3972930927274,16.7231882058738,0.0,62.05030050693,0.202285336175125,8,7.69414860355092,1.6672476684676,0.0,7355.0,667.0,1471,47,139,137,4.01514482117608,4.88032384380536,5,0.0,0,46,0.6523958721173098,2.0,3,18.42512393832841,9.983084006807271,3.850147601710058,2.162650225076483,2
126790064,14571,56.1027501957731,35.1314643131266,46.1027501957731,15.1314643131266,0.0,67.1409435651854,0.201821509028886,17,7.6120960611134,1.65557913877432,0.0,13095.0,3936.0,1647,19,143,169,3.43383631412487,4.23957913759556,4,0.0,0,57,0.5461614507902691,2.0,3,18.65804324516273,9.586857158128455,4.060443010546419,2.153167733772629,2
97361095,18284,58.087073450494,37.6305616603871,48.087073450494,17.6305616603871,4.34200255078183,62.5889312734383,0.200044229689428,8,4.67034312205317,1.41740577979117,2.34200255078183,12487.0,9368.0,1861,37,150,88,4.1827017467505,5.09139938872912,9,3.52460726682457,0,75,0.6121387343400045,2.0,3,18.39393726377,9.81383633058348,4.330733340286331,1.735249631261973,2
132142061,9978,50.20111115867471,27.7834196928885,40.2011111586747,7.78341969288851,8.409770908686461,62.9804765439433,0.203554153149768,28,11.1270641459684,1.67150967288285,6.40977090868646,4625.0,7968.0,1359,43,143,140,1.00357067656168,1.52003238340443,6,8.37684749500095,0,49,0.4159717301645725,2.0,3,18.69938812910598,9.208238163884312,3.912023005428146,2.495439661177314,2
106059824,14976,51.2556760092496,32.7181953506798,41.2556760092496,12.7181953506798,1.29313854064063,65.2177804391966,0.0511309477524264,20,9.98849470851959,1.6672476684676,0.0,15495.0,14657.0,2504,44,67,114,0.0,0.0,5,0.0,0,60,0.4472712039758444,2.0,3,18.47951387966247,9.614270969992395,4.110873864173311,2.396848789836903,2
179053932,9709,46.9804372913922,23.5252759041005,36.9804372913922,3.52527590410051,7.568590316550599,60.5038637024508,0.214921151180174,21,3.64541706944529,1.79213346300933,5.5685903165506,4185.0,2694.0,866,25,136,94,0.272824620892381,0.581792343434035,4,7.95065487146729,0,29,0.4309175436081911,1.0,1,19.00319762009877,9.18091156128537,3.401197381662155,1.535881157136051,1
94871465,2392,42.5033377851461,39.32033993100955,32.5033377851461,19.90231623464135,9.76689550213425,60.3939933853947,0.344118562324072,31,6.28745848954464,0.1,7.76689550213425,0.0,0.0,758,3,151,184,5.73677689786678,5.21732363847339,5,11.805802020921,0,34,0.5313606389796208,1.0,3,18.36803354397445,7.780303087908373,3.555348061489414,1.986154855543014,1
134387508,4644,45.4007043185259,39.32033993100955,35.4007043185259,19.90231623464135,2.71082983765138,60.3860649297408,0.311056403510996,29,3.62799807742119,0.878427159775603,0.7108298376513851,0.0,991.0,999,14,101,121,5.904088287698255,4.86519462130262,6,4.15891898361078,0,0,0.6152757861748539,1.0,1,18.71623804274613,8.443546651247939,0.0,1.532124393908092,1
126847025,19595,70.7310422868084,53.8392451020534,60.7310422868084,33.8392451020534,0.0,67.9082073611917,0.176765904627796,10,2.71113480319762,2.34059136473586,0.0,15175.0,14750.0,3125,61,110,50,8.27135553022058,9.89299609326957,3,0.0,0,80,0.5722332010150424,2.0,3,18.65849239872093,9.883080742758466,4.394449154672439,1.311337706721224,3
1808889,500,0.0,0.0,0.0,0.0,2.8360120700746,50.0,0.169682713254263,50,4.13966999946386,0.304307885055528,0.8360120700746061,0.0,0.0,0,1,99,179,0.0,0.0,4,7.88340039582894,0,0,0.2866333821334923,4.0,1,14.40822395545287,6.216606101084865,0.0,1.636988874967071,1
104361171,28183,78.560444988789,63.7128505441307,68.560444988789,43.7128505441307,1.06765896910698,70.8768208434563,0.169203416563541,9,5.59653767092805,3.20561583521727,0.0,23373.0,16928.0,3003,54,94,64,11.1946716559691,13.2251527670374,5,0.0,1,110,0.6487478105056295,3.0,4,18.4633682485262,10.24650972002107,4.709530201312334,1.886544916070184,4
16876754,30458,100.0,94.2108130005802,95.2263932653469,74.2108130005802,7.733924617937229,75.0123472899783,0.274918303773674,3,10.2711837582922,3.49782590699638,5.733924617937229,18619.0,13925.0,3822,80,81,96,28.6637859007872,31.4606698478339,4,3.14015672384394,1,135,0.7813938591670815,3.0,4,16.64144778931524,10.32413679596933,4.912654885736052,2.422249358764001,4
74979471,15221,59.34426308688509,35.9899631147096,49.3442630868851,15.9899631147096,2.0594334672266,62.5412175937294,0.334323229700225,32,11.4088154943978,1.93452431239356,0.0594334672266037,5581.0,4075.0,1203,50,99,167,12.3945830201065,12.7237230256714,3,2.40115345609683,0,34,0.4352473239283359,1.0,1,18.13272492736941,9.630497028827337,3.555348061489414,2.518407146989687,1
120504017,22334,71.7589915743707,57.5393754581721,61.7589915743707,37.5393754581721,2.98198704478266,64.3700122644704,7.481379262404659,13,10.1256098285323,3.09468646942755,98.198704478266,19657.0,20973.0,2147,47,114,80,2.88607025324726,5.04214703000755,5,0.0,1,108,0.4772976357272193,3.0,3,18.60719365473741,10.01391023378622,4.691347882229143,2.409249642597806,4
139159184,13812,50.26502627682849,28.2828166252404,40.2650262768285,8.28281662524047,2.94866407454006,66.1784420852114,0.185903068134986,21,8.16537836447238,2.0310512251713,0.94866407454006,10937.0,11361.0,778,18,84,135,5.904088287698255,0.6258875103224519,6,2.7415479351753,0,42,0.3897729831997462,2.0,1,18.75112905166289,9.53336545669996,3.761200115693562,2.215433164069897,2
157545490,19334,50.0915974066931,33.5235692057381,40.0915974066931,13.5235692057381,3.05443151858887,68.2709276620498,0.0,9,7.65051239518982,1.71253844842512,1.05443151858887,16578.0,11241.0,2562,58,94,118,0.0,0.0,3,0.681642798970895,0,135,0.5483914631792107,2.0,3,18.87522480627214,9.869672204041397,4.912654885736052,2.157618555627509,3
78808385,17778,68.6997342775893,51.33913687832779,58.6997342775893,31.3391368783278,0.0858172454013053,67.5612818562322,0.176142433544879,9,5.50641514844166,1.43449876663609,2.171216995913575,20312.0,7827.0,2050,58,105,99,7.36516803581711,8.8930485559648,4,0.0,0,72,0.5529391535888639,2.0,4,18.18252997048556,9.785773264516571,4.290459441148391,1.872788636104786,3
100835113,21528,72.5102601986484,57.2283060076287,62.5102601986484,37.2283060076287,0.100839065967506,72.9096855884999,0.126944678009312,9,4.05777572103894,2.01455104005411,0.0,20527.0,10423.0,2249,76,94,115,6.18695025709575,8.13055941889181,6,0.0,1,92,0.6442861409117104,3.0,3,18.42899720611527,9.977156142461329,4.532599493153256,1.620926805833058,3
92427357,9628,50.6295376297673,26.3463177926817,40.6295376297673,6.346317792681699,4.73346975175412,60.1948164777181,0.286190609455268,23,1.76692013275525,0.373195084282561,2.73346975175412,7054.0,7190.0,128,26,103,120,5.90926523877276,6.05262127135563,3,5.446757686588359,0,50,0.4290335552140715,1.0,3,18.3419335750393,9.172534657240284,3.931825632724326,1.017734836186999,1
134084117,22764,87.20204927781549,75.1148770012401,77.2020492778155,55.1148770012401,5.03036692374031,74.9572153690831,0.139681728394324,5,9.59490768791618,1.6672476684676,3.03036692374031,20062.0,10838.0,3208,87,111,76,13.2112627415966,15.7938282862815,6,0.8652358343704911,1,94,0.6733997674713988,3.0,3,18.71397790723357,10.03297954776888,4.553876891600541,2.360373478885343,4
190428075,18499,77.7325645115677,60.53884819868441,67.7325645115677,40.5388481986843,7.11233473018699,69.8664965938196,0.259461730256777,15,11.6407606542009,1.72344697875006,5.11233473018699,17481.0,11714.0,2770,45,91,107,15.9974836624877,6.06738409977376,5,4.98982125534033,0,104,0.676136338403777,2.0,4,19.06478512743387,9.825526011066415,4.653960350157523,2.536926565246747,3
33028405,14051,43.0271497391447,21.7605619926548,33.0271497391446,1.76056199265482,2.72915848613526,67.1157625470752,0.0834681827440217,37,10.1367407039206,0.417934940132842,0.729158486135263,9935.0,10383.0,1742,32,133,126,0.0,0.0,3,2.23579358473121,0,19,0.5768156216742524,3.0,3,17.31287853704412,9.550520013385718,2.995732273553991,2.410249615740768,2
11577355,24354,71.9351220297249,54.66264052990179,61.9351220297249,34.6626405299018,8.34402286667776,66.8934171206927,20.4795443289821,16,12.6365492508128,1.66243970684865,6.34402286667776,13624.0,8260.0,1855,55,102,141,10.3890776293004,11.9345813293358,5,6.25301546660701,0,55,0.518511783748172,2.0,3,16.26456167934132,10.10049244624064,4.02535169073515,2.612753632931518,3
136069258,15027,71.1892303892778,51.8677059144394,61.1892303892778,31.8677059144394,0.0,66.6140087998689,0.283396331835992,16,4.95765515074351,1.71030957720425,2.171216995913575,14018.0,10206.0,1678,44,99,88,14.56088912889,15.6965842339223,9,0.0,0,37,0.5961490355253052,2.0,3,18.72867457142575,9.61767040669386,3.637586159726386,1.784676972579641,2
44645407,10266,56.13257465054,36.9978966927143,46.13257465054,16.9978966927143,4.44478328446722,66.6453510359089,0.124982220734079,14,10.9399258722186,1.1740018007791,2.44478328446722,13468.0,11952.0,2357,47,110,150,0.0,0.228866157756574,3,3.0986544675975,0,72,0.4567964008414367,2.0,3,17.61426201565304,9.236690147298965,4.290459441148391,2.479887899588283,2
112645611,27417,79.1801387488959,65.137875682611,69.1801387488959,45.137875682611,6.91276818985294,70.4932657436686,0.141576436272926,11,8.8315060815543,3.13444605564574,4.91276818985294,16624.0,16284.0,2322,55,109,114,9.88157010797981,12.0731174947228,5,3.52967341636692,1,103,0.7495798631183441,3.0,4,18.53975727157609,10.21895501099585,4.644390899141372,2.285592135195761,4
123359375,13325,55.4575807943362,33.0718705724123,45.4575807943362,13.0718705724123,0.0,65.1857922863771,25.4775637264169,25,9.35150639798187,1.25072441412813,0.0,13309.0,8250.0,1070,22,112,143,6.18328532695379,6.06738409977376,6,0.0,0,30,0.3878396084893885,2.0,1,18.63061240940074,9.497472293122483,3.433987204485146,2.337132054819362,2
108931653,20652,71.6057471427929,55.3834808265568,61.6057471427929,35.3834808265567,6.3714304266952,70.4754129832445,0.15739265670985,20,2.16558962144323,2.62952229484319,4.3714304266952,9949.0,11983.0,3654,47,96,147,7.539186301759861,9.29473303851262,6,3.86033695318968,0,135,0.492751631352577,3.0,1,18.50623121600651,9.93561586628765,4.912654885736052,1.152339332540372,3
110029299,23465,73.4636003209947,59.8448668237179,63.46360032099469,39.8448668237179,12.0731504181909,74.4270944816237,0.066622810095573,14,4.72714727511626,2.11211244480483,10.0731504181909,24245.0,12216.0,3000,60,58,88,3.14856071445906,5.4248140150037,7,8.52064381710166,1,150,0.6882937618952054,3.0,4,18.51625725192456,10.06330784398357,5.017279836814924,1.745217549008478,4
144301237,14674,58.7043256838118,39.4242701846788,48.7043256838118,19.4242701846788,17.223471059854,63.906235256979,15.6805587801706,20,9.95677149766582,2.74224950076674,15.223471059854,13467.0,15651.0,2100,46,93,113,1.97645888173117,3.12044778190456,7,15.9354932595072,0,67,0.5092842509302034,2.0,3,18.78741360305587,9.593900644696298,4.219507705176107,2.393957666744342,2
120112308,13577,58.1778427035584,33.3788667490524,48.1778427035584,13.3788667490524,4.09664459498712,59.3278757501053,0.383335417124838,31,7.32121786938225,1.05703101399606,2.09664459498712,4259.0,4457.0,743,20,104,150,14.6953849943729,14.7355898034717,5,5.01623497678954,0,34,0.4523757117067509,1.0,1,18.60393777139052,9.516206114861593,3.555348061489414,2.118808622652346,1
49625495,17306,52.7761584592059,34.6743808956652,42.7761584592059,14.6743808956652,0.371033409527016,67.3251171418121,0.0480362422607694,5,7.87064297721588,2.54649391773623,2.171216995913575,14452.0,6656.0,2410,51,95,154,0.0,0.0,3,0.0,0,125,0.5437447200496291,2.0,3,17.7200152918839,9.758866322925,4.836281906951478,2.18274728267015,3
81222664,19838,52.5450166186028,33.0213425605098,42.5450166186028,13.0213425605098,7.22702062164779,66.6740262090704,10.5444476625937,8,2.265195598651,1.93477890978564,5.22702062164779,11280.0,9649.0,1178,55,129,96,0.0,0.0,4,6.03649024488502,0,59,0.5443638955938871,2.0,3,18.21270489179936,9.895404976342771,4.0943445622221,1.183319668637216,2
182478406,8471,47.7354547334368,23.7401826465065,37.7354547334368,3.74018264650657,0.55092024707965,61.8214847577862,0.245155974985441,30,5.4842467636627,1.28166835754673,0.0,5201.0,0.0,804,32,92,120,2.32410774206957,2.52505332468351,3,1.14902908185176,0,13,0.4267546646059879,1.0,3,19.0221424061785,9.044521887281242,2.639057329615259,1.86937566046924,1
84266673,12628,51.2106772408478,27.5262232770355,41.2106772408478,7.52622327703552,0.0,59.5074734895205,0.266853838888595,33,9.55680946549418,1.97153189692484,0.0,696.0,1700.0,461,15,145,108,5.05336675399737,5.31647596123491,5,0.0,0,0,0.4344910440995898,1.0,1,18.24949701859418,9.44375103564617,0.0,2.356771098677044,1
163626378,2681,25.6011998318867,0.0,15.6011998318867,19.90231623464135,5.21845893519037,54.1352686915908,0.176776162559845,32,7.18033799595365,1.02627393761451,3.21845893519037,269.0,0.0,486,9,140,162,0.0,0.0,5,7.273355737485391,0,37,0.3499425738380906,2.0,1,18.91309620996631,7.894318063841624,3.637586159726386,2.101733469559751,1
131717071,18117,73.7570419131351,55.5108174598388,63.7570419131351,35.5108174598388,0.0,70.8787826537645,0.263911846169793,15,9.43454504009667,1.09722492614655,2.171216995913575,14844.0,7351.0,1874,51,141,56,14.547980601046,15.8987357103868,3,0.0,0,96,0.5599326380429924,2.0,3,18.69616678625483,9.804661198229233,4.574710978503383,2.345121940162934,3
106059824,14976,66.1904186976941,45.4975637740921,56.1904186976941,25.4975637740921,4.27294853976468,69.5446934593061,0.291004093768225,19,5.42966287887352,1.64877446921625,2.27294853976468,13651.0,10652.0,1731,35,149,109,12.8532705143389,6.06738409977376,5,3.55009050920548,0,50,0.6510707951092376,2.0,3,18.47951387966247,9.614270969992395,3.931825632724326,1.86092210746192,2
62886645,8039,47.650656520183,25.5065199239153,37.650656520183,5.50651992391536,2.0595397748232,61.9438331974746,0.166560302245071,15,7.04407691105296,2.1150440920944,0.0595397748232081,13636.0,1596.0,1910,24,88,91,0.0,0.0,5,1.91719441333026,0,22,0.3806050844219186,2.0,1,17.9568443938843,8.992184362173012,3.13549421592915,2.084936033159197,2
47925262,27721,64.9114576482512,50.58618303249251,54.91145764825121,30.5861830324925,1.53087581227798,77.4553762842247,0.0107761103443785,12,3.22109054048537,3.30760137304872,0.0,12638.5,12755.0,3295,53,139,62,0.0,0.0,5,0.0,1,123,0.668784640876864,3.0,4,17.68515333462219,10.2299816007733,4.820281565605037,1.440093516578693,4
190397816,19721,62.6239788116321,45.3040032406271,52.6239788116321,25.3040032406271,1.30498567326086,67.6200462588435,0.113678762098534,8,5.27386893326179,1.39394817799116,0.0,12773.0,12943.0,2432,59,132,87,1.19192018204431,2.72792506784329,5,0.0,0,106,0.5517844683221192,1.0,3,19.06462621491968,9.889490042892275,4.672828834461906,1.836393219091526,3
157366186,36881,100.0,95.2901684545138,92.3821770832433,75.29016845451379,0.0,77.2143569885554,0.0816861332390722,0,10.4236706299955,3.04050541363948,0.0,32169.625,27129.25,4831,101,54,93,16.4029977921941,19.9845960664482,4,0.0,1,180,0.8055543781787202,3.0,4,18.87408604876073,10.51547890613506,5.198497031265826,2.435687573773639,4
50741783,500,28.3992838361524,39.32033993100955,18.3992838361524,0.0,2.42574771553222,54.8117761655157,0.295451284811158,42,7.88603768838196,1.38947730123642,2.171216995913575,0.0,0.0,0,13,100,143,0.0,0.0,8,5.34439958648111,0,0,0.3384898457475723,1.0,1,17.74226027115469,6.216606101084865,0.0,2.184481245826122,1
129261571,18878,66.1333321119391,50.6178816497411,56.1333321119391,30.6178816497411,16.1090671775451,64.0041478768389,0.0729822405317077,17,11.3419845006994,2.34485509791403,14.1090671775451,17875.0,15566.0,3229,51,79,98,0.370413221214367,2.26732312877476,6,13.3152473624243,1,82,0.4774224217884269,3.0,3,18.67734859925996,9.845805472195043,4.418840607796598,2.513006824080504,3
37079523,12428,62.2835073742414,39.5857668372815,52.2835073742414,19.5857668372815,6.3188064665433,63.4692696485525,0.336140176294732,32,10.3920524148305,1.17574242862221,4.318806466543299,6712.0,6841.0,1102,40,141,120,13.7580846629453,14.2185365555533,5,6.39790268132728,0,59,0.3402675795196327,3.0,1,17.42857546147058,9.42778773074551,4.0943445622221,2.432915955679971,1
61481915,9413,55.14564335523811,30.1932865733626,45.1456433552381,10.1932865733626,0.0,62.2019661896063,0.359455418391155,30,7.32121786938225,1.27856960212179,2.171216995913575,4684.0,0.0,792,39,155,105,12.0312996317395,12.0408282753644,5,0.0,0,3,0.2714405939136474,1.0,1,17.93425364075544,9.149953221961088,1.386294361119891,2.118808622652346,1
175949159,500,26.8788275213931,0.0,16.8788275213931,0.0,4.52698329759971,56.6794436242349,0.237073134712754,41,6.02022557145999,0.602532642798926,2.52698329759971,0.0,0.0,0,1,130,109,5.904088287698255,0.0,4,7.03445814996945,0,0,0.4853120111927953,1.0,1,18.98570564763693,6.216606101084865,0.0,1.948795350208084,1
72985369,5737,54.42556633304,33.0433480928174,44.42556633304,19.90231623464135,3.40616552967361,64.3260843159421,0.202308829419752,26,4.49996172052001,1.32864529777056,2.28240623626692,11659.0,11730.0,2181,60,129,112,2.74289010957444,3.46644646152991,6,3.83529353235598,0,66,0.6028063444685271,2.0,3,18.1057695680688,8.65486599654131,4.204692619390966,1.704741132308752,2
78933262,26987,88.932612484802,76.18392029213061,78.93261248480201,56.18392029213059,0.370285023854367,72.4109839346962,0.184771196940219,6,8.94472914076906,2.2967354918908,0.0,21466.0,23596.0,3772,58,123,102,16.5294737472134,6.06738409977376,8,0.0,1,132,0.6286934921964548,3.0,4,18.18411328125832,10.20314760174732,4.890349128221754,2.297042676215485,4
96819474,11225,46.3011063479872,20.8754652756132,36.3011063479872,0.875465275613262,0.0,57.1673470819701,0.290887988519579,33,3.63082286597,0.898689829412988,0.0,2841.0,6299.0,813,10,200,119,4.3226449216848,4.23751670721,6,0.0,0,32,0.3223430057439525,1.0,1,18.38835872002774,9.325987795502144,3.49650756146648,1.532734577138489,1
56716506,10579,56.76252100813149,36.85576934537089,46.7625210081315,16.8557693453709,9.65314995203241,69.4120446234395,0.163708779917259,16,9.02838393795864,1.6690619429345,7.65314995203241,8636.0,5928.0,1438,26,90,132,1.5387249987569,2.55737466620479,6,8.61585061713664,0,60,0.569684063785604,2.0,3,17.85357585507602,9.26672070541229,4.110873864173311,2.305419466156537,2
106059824,14976,55.137945163938,27.9097362187238,45.137945163938,7.90973621872384,5.39886001449459,56.5463198751629,0.454964227338376,33,13.0726480676542,0.651912849262508,3.39886001449459,6467.0,0.0,41,19,144,182,17.4856466324521,17.0400048434092,5,7.29014359258027,0,20,0.2878234246102432,1.0,1,18.47951387966247,9.614270969992395,3.044522437723423,2.644233060073951,1
70495202,14401,69.32324741375669,48.6825353458876,59.3232474137567,28.6825353458876,3.68411454467343,64.1134617022686,32.0142380988066,21,3.24407860740634,1.63057470227791,1.68411454467343,16374.0,9486.0,1467,52,115,121,15.8609563766423,16.7328139630685,5,2.94039937182104,0,27,0.4355288100225484,2.0,3,18.07105522291431,9.575122364808813,3.332204510175204,1.44552474258924,2
126786321,8752,86.6183912216562,62.3418923981847,76.6183912216562,42.3418923981847,3.12821651467379,56.6224497111329,0.645796862802364,24,4.71263214399116,2.03619750591631,1.12821651467379,9500.0,1522.0,272,21,112,151,41.8819883979877,42.0266886332935,5,3.83881604406238,0,22,0.5362910164921543,1.0,1,18.65801372348648,9.077151777732437,3.13549421592915,1.742679888380109,1
35338987,5725,62.7403996784958,39.32033993100955,52.7403996784958,20.3166591143414,5.92932523288965,61.2053163669315,32.920110047944,18,5.21633027552011,1.6672476684676,3.92932523288965,5778.0,1661.0,1400,48,116,118,13.5573770324662,14.0726289196353,5,5.89882145855139,0,38,0.5393006525302787,1.0,3,17.38049738833941,8.65277248565806,3.663561646129646,1.827179744781263,2
8719481,11248,50.52862637771391,28.9162534167728,40.5286263777139,8.9162534167728,1.48803116950406,61.8435671145327,0.173005928136668,23,5.89130297323427,1.40461985105729,0.0,5093.0,10955.0,1741,40,153,142,0.0,0.0758468917845228,5,1.13298035388053,0,19,0.4425736728256756,2.0,3,15.98107039045097,9.328034514792826,2.995732273553991,1.930260177920583,2
191659161,14832,69.5146997597205,50.6493962212495,59.5146997597205,30.6493962212495,0.0,69.09055438343,0.247489746212988,21,8.07463366071524,1.46301184496525,0.0,13537.0,6248.0,2224,53,97,117,11.791428252051,13.0183675443568,6,0.0,0,66,0.5980434854720199,2.0,3,19.07122915454434,9.604609707323613,4.204692619390966,2.205483011370843,2
184311757,22141,94.3557495945832,78.6335563932833,84.3557495945832,58.63355639328331,13.0902911441314,67.7358822995007,0.363889610400429,15,10.1566258515123,2.53918958806423,11.0902911441314,17324.0,12714.0,3193,69,65,99,29.0890132777031,30.9445746374431,6,10.3791684246514,1,66,0.5479874245600993,3.0,3,19.03213921876022,10.00523153641941,4.204692619390966,2.412033568183836,3
14328814,20777,76.0977982275596,57.77808772366539,66.09779822755961,37.7780877236654,0.0,69.163155586935,0.290405823439154,19,4.50511124222979,2.45370648424845,0.0,18087.0,13218.0,1251,45,125,181,5.904088287698255,18.4011613361269,5,0.0,0,80,0.5206368902260688,2.0,3,16.47778310273536,9.941650013630477,4.394449154672439,1.705676977459992,3
83919858,18531,77.17323027662279,58.6262700949535,67.1732302766228,38.6262700949535,10.4043137121405,67.7256581551898,0.310704630396338,7,7.68336097164351,1.57902926116838,8.40431371214059,15745.0,6327.0,2209,45,122,192,18.6859347126291,19.9765426762952,5,8.823097784808311,0,93,0.6254765298944746,2.0,3,18.24537284187931,9.827254246536539,4.543294782270004,2.161408662441,2
98474697,12117,64.3518837792939,43.0971761098227,54.3518837792939,23.0971761098227,3.73536124823,66.2217795257225,29.6216559910728,19,4.83518391146233,2.42538903342972,1.73536124823,6971.0,0.0,2222,30,132,143,12.3631821860247,13.1122406521304,5,3.23724431601846,0,28,0.4407259183792603,2.0,1,18.40531020004833,9.402447229504935,3.367295829986474,1.763905783915737,2
165319878,22966,80.1805188097655,65.5108814723245,70.1805188097655,45.5108814723245,0.0,63.8234345439117,0.177929956270177,20,9.75629247003159,2.16243916361152,0.0,24289.0,16455.0,3432,79,124,116,12.3876484196239,14.4537209521357,5,0.0,1,90,0.5381749865981921,3.0,3,18.92339281569367,10.04181368201641,4.51085950651685,2.375490929374946,4
33591034,500,44.8309192938417,17.4304499465981,34.8309192938417,0.0,0.0,62.7933586929137,35.9128905522646,29,3.22568907514049,0.602443842608814,0.0,5764.0,0.0,0,1,169,133,7.592045727226241,7.11195185777752,3,12.9157071303602,0,23,0.3819135528349258,1.0,1,17.32976977385566,6.216606101084865,3.178053830347946,1.44118234221845,1
136467880,21250,75.9246615805303,58.3754292775466,65.9246615805303,38.3754292775466,0.0,71.5993603733694,0.256314372530619,15,11.5751207243164,1.68726762764332,0.0,9942.0,3680.0,2549,53,95,127,15.0428191076912,16.5329726470945,6,0.0,0,92,0.5980608462737389,2.0,3,18.73159984087165,9.96415923206886,4.532599493153256,2.531720316282972,3
182914029,14882,73.3720092639519,56.6661070665022,63.3720092639519,36.6661070665022,0.0,69.1295814324034,0.195367984932406,8,5.50405335296784,1.32329503381253,0.0,18423.0,9404.0,2815,53,133,93,10.4661745378312,12.1249940983412,6,0.0,0,85,0.7028211594429058,2.0,4,19.02452681900307,9.60797490096916,4.454347296253507,1.872425575312701,3
12980638,12623,56.3174283455363,33.2105503607826,46.3174283455363,13.2105503607826,2.00976261587362,66.7956058713851,0.293663158815023,21,5.66567776731178,0.962195262971854,2.171216995913575,10132.0,5303.0,722,38,124,125,5.904088287698255,9.15255991199472,7,2.25251380977513,0,25,0.4482288502721902,1.0,1,16.37896949761246,9.443355043085656,3.258096538021482,1.896971638979938,1
145871805,1981,56.0595194942511,32.0401919148329,46.0595194942511,19.90231623464135,0.0,60.4346028150964,32.9406953278072,14,9.24284317891183,0.284085328134119,0.0,2182.0,2789.0,426,20,139,62,10.7059056848546,10.9020401689709,3,0.0,0,46,0.4307073818184307,1.0,1,18.79823875287284,7.591861714889934,3.850147601710058,2.326579235263179,1
30040784,14964,60.4853497770525,39.0503098135765,50.48534977705251,19.0503098135765,0.168396200889868,59.6586859075517,0.265125176236518,24,7.41843027604366,1.6672476684676,0.0,12638.5,3711.0,1151,42,104,86,8.92944568939497,9.64243769669977,3,0.0,0,59,0.384249559602114,2.0,3,17.21806651634301,9.6134694202868,4.0943445622221,2.130423382851053,2
173713226,11046,68.90309856883941,49.6719021313879,58.9030985688394,29.6719021313879,3.73028936074116,66.0468746720273,0.256741236061355,18,14.9272752812569,1.6672476684676,1.73028936074116,19163.0,5316.0,1574,26,162,98,12.0579700187229,13.2117307312326,3,2.42276793572174,0,52,0.3807657152235369,4.0,1,18.97291637684413,9.309914176872276,3.970291913552122,2.768033066056795,2
160253420,33430,77.7594613323133,67.5916616867012,67.7594613323133,47.5916616867012,8.00290168096493,80.9792356140126,0.0,0,8.90851706347543,3.23620038900433,6.002901680964929,31118.0,27129.25,4528,93,86,47,0.0,2.12862055266012,5,3.0700215392098,1,116,0.7312015966047989,3.0,4,18.8922670014311,10.41723889221832,4.762173934797756,2.29339469672845,4
61423198,16016,51.6065561019348,32.3991687598582,41.6065561019348,12.3991687598582,0.0,71.4486554434376,0.082775829386563,18,2.42884918189057,2.17410466569681,0.0,14451.0,5711.0,1386,49,144,146,0.0,0.0,5,0.0,0,71,0.5383498978703058,1.0,3,17.93329815563235,9.681405937168297,4.276666119016055,1.232224689396137,2
171529882,14976,62.5853383337581,43.1629945716541,52.5853383337581,23.1629945716541,6.5544973004814,61.7146172065155,0.201591821345951,12,12.3865341460471,1.37602438955038,4.5544973004814,12987.0,11503.0,1997,4,103,70,6.19896336280785,7.31449461038704,4,5.32343480532301,0,70,0.5656133356599907,2.0,3,18.96026805428935,9.614270969992395,4.262679877041315,2.594249287217691,2
24006014,12914,64.7042381988819,46.230941422962,54.7042381988819,26.230941422962,4.68787062341115,67.3303932443703,18.2920846577454,23,11.0878186975048,2.00132363308709,2.68787062341115,13698.0,13597.0,2242,33,92,66,6.040150461089659,6.06738409977376,5,3.07718933377911,0,96,0.540238385599684,2.0,3,16.99381498191102,9.46614470552994,4.574710978503383,2.492198226306073,3
153253770,22287,83.819207463114,67.8789654917612,73.819207463114,47.8789654917612,1.33379586218187,66.8388787730162,0.267682237427958,19,8.07069564016349,3.31590202581214,0.0,20560.0,9107.0,2015,48,66,72,19.0757881943607,20.8877398000902,3,0.0,1,89,0.5627237095282783,3.0,4,18.8476057393294,10.01180369601959,4.499809670330265,2.205048958006666,3
131234458,1932,54.10968601982869,30.2034706304573,44.1096860198287,10.2034706304573,12.3360765086512,63.4074033714769,0.305157906551885,25,10.3916295670865,1.20469872484411,10.3360765086512,7258.0,11351.0,621,28,115,130,8.48460295432001,8.703359876445731,6,12.8985626643997,0,25,0.5744630402420458,2.0,1,18.69249604480622,7.566828479208331,3.258096538021482,2.432878837206812,1
116156389,18698,76.5904594014294,55.6932860737904,66.5904594014294,35.6932860737904,5.25711433797295,61.4582108827583,40.3585873775135,27,9.2309777507848,0.995516819289706,3.25711433797295,6746.0,9529.0,1194,47,133,102,5.904088287698255,24.5642407222354,5,4.61598366902857,0,52,0.5717860394589548,4.0,3,18.57044803073414,9.83622532547696,3.970291913552122,2.325420152208171,2
105870526,2891,10.5913966306087,0.0,0.591396630608728,0.0,5.62661014468033,54.6547476997176,0.0667760077335141,28,2.24738069479806,0.366118535297137,3.62661014468033,370.0,0.0,0,8,144,167,0.0,0.0,6,8.0633914916082,0,0,0.600590082947819,1.0,1,18.47772746211014,7.969703583278656,0.0,1.177848731335217,1
144750987,30580,88.5778802384649,75.85969415358859,78.5778802384649,55.8596941535886,7.544939113371719,73.5536811863538,0.179942617949455,15,7.77236597708037,2.3025252044037,5.544939113371719,25622.0,19456.0,3588,74,97,104,16.1015268421681,18.5578896251928,4,3.63221354732225,1,129,0.6399070095098267,3.0,4,18.7905254999554,10.32813418006022,4.867534450455582,2.171606550738737,4
85160582,15769,52.6197105902037,33.8137003087518,42.6197105902038,13.8137003087518,5.40124321530921,70.5032997657091,7.604953772301889,22,7.26799081023864,1.92276211658216,3.40124321530921,12483.0,13757.0,2071,36,70,94,0.0,0.0,6,3.92364732788998,0,78,0.5886204981773066,2.0,3,18.26004924390318,9.665864679957084,4.369447852467021,2.112391530333495,2
31687172,11999,53.4101577411349,33.2126002269399,43.4101577411349,13.2126002269399,6.79796104407319,61.3482417834703,0.14239899300754,22,7.40505666147925,1.47050642483957,4.79796104407319,6042.0,9376.0,1320,46,108,134,0.0,0.0,7,5.8769840497512,0,43,0.4287226950556835,2.0,3,17.2714225197358,9.392661928770137,3.784189633918261,2.128833508239313,2
185318772,28514,82.0076468168342,67.9519125368975,72.00764681683421,47.9519125368975,8.39785284102852,70.6065232330453,17.0417307925684,9,10.2091877617863,2.90562191083316,6.39785284102852,17345.0,19311.0,2979,58,133,64,12.7414090886823,14.930262232695,6,5.02014655300321,1,90,0.7468621391591904,3.0,4,19.03758799751088,10.25818554359064,4.51085950651685,2.416733777883255,4
135577691,20872,45.8005452045235,26.4267523737387,35.8005452045235,6.42675237373872,1.90639988057945,65.4670206011873,3.17047509381969,24,3.34661549596983,1.91757870278625,0.0,13332.0,14025.0,2094,44,132,61,0.0,0.0,5,65.59170128933751,0,51,0.5506190233693576,2.0,3,18.72505540666244,9.946211736745907,3.951243718581428,1.469397495361523,2
55191633,24484,84.7835257627616,70.83178602656581,74.7835257627616,50.83178602656579,7.78135611238823,69.4316109389655,0.193808326547841,7,8.45363379274948,2.88120451989283,5.78135611238823,23575.0,22430.0,3283,66,64,24,15.2677011296316,17.4773531823924,5,4.36205200686656,1,121,0.7186853490278368,3.0,4,17.82632194179024,10.10581596413642,4.804021044733257,2.246399195926857,4
146964799,19071,65.7480482160981,47.8186663869025,55.7480482160981,27.8186663869025,5.41450207504202,63.6492426828451,0.170514518987194,22,6.73699049880318,1.6672476684676,3.41450207504202,11577.0,12220.0,2477,60,124,200,5.77856460616746,7.192688240328351,4,3.58625480672024,0,90,0.6438371846825005,2.0,3,18.80570366028659,9.855976569865076,4.51085950651685,2.046012787545778,3
106249122,12896,56.0930556592632,35.1662163454721,46.0930556592632,15.1662163454721,0.0,62.7264686873353,19.9857807771859,16,12.4317266978287,1.6654333940007,0.0,12283.0,12142.0,1647,24,107,187,3.31747001236191,4.13210214960368,6,0.0,0,64,0.4683713059511726,2.0,3,18.48129711161709,9.464750005164392,4.174387269895637,2.597619572473886,2
48970871,18561,52.7225701844065,33.9678966820798,42.7225701844065,13.9678966820798,8.23138622726593,67.9207000076186,0.0749219889417861,19,8.40935982860429,1.39062181990247,6.23138622726593,16593.0,9559.0,2365,50,112,139,0.0,0.0,4,6.733255628196599,0,63,0.5753219173751621,2.0,3,17.70673623034046,9.828871759155339,4.158883083359671,2.241704920316477,2
192673720,16879,72.6902078467907,55.745262720775,62.6902078467907,35.745262720775,11.6988741023784,66.7801794806606,19.8589773760563,15,12.1774638305934,2.0629442075089,9.69887410237841,16632.0,10221.0,2219,49,110,73,10.3580761492282,11.9690871240251,5,9.476852152784659,0,101,0.4554006028030585,2.0,3,19.07650875148511,9.733884768149949,4.624972813284271,2.578508084958286,3
11787594,12341,72.6237683138788,52.067367503059,62.62376831387881,32.067367503059,1.78964131494435,62.2772879704721,0.349606517193219,17,2.56943719918448,2.20085273351193,0.0,14351.0,10063.0,1400,32,93,111,18.9591302598463,19.8478500976823,4,1.01220163927227,0,85,0.5704130422781182,2.0,3,16.28255826527631,9.420763358881013,4.454347296253507,1.272407936076648,2
106059824,500,39.8019507340716,10.7797067580852,29.8019507340716,0.0,0.0,54.8218050713682,0.376953754332144,30,5.27507659451795,0.820035797384744,0.0,0.0,0.0,0,1,152,199,6.45533627643896,6.06738409977376,6,0.0,0,5,0.3766504639988647,1.0,1,18.47951387966247,6.216606101084865,1.791759469228055,1.836585691241033,1
88877898,19974,74.0393639804312,57.34960895111429,64.03936398043119,37.3496089511143,9.40688250115924,68.7972321715018,20.1363351035621,20,7.32121786938225,2.34388279921996,7.40688250115924,26970.0,19471.0,2903,31,128,86,11.0947760507917,12.7568250449283,7,7.08278451288599,0,91,0.5905242590557767,1.0,3,18.30277406440239,9.902236770634476,4.52178857704904,2.118808622652346,3
111202562,6342,49.083661971743,39.32033993100955,39.083661971743,6.80049800360801,3.40616552967361,62.1662363640207,0.186729506379104,22,8.13128676449554,0.998364293331145,0.0,9654.0,8966.0,1001,44,93,139,0.0,0.106622701640257,3,0.0,0,43,0.3237008692744265,4.0,1,18.52686398807629,8.755107121633896,3.784189633918261,2.21170662273689,2
158910561,17734,58.154199343594,37.8995959912962,48.154199343594,17.8995959912962,0.8886317068026389,61.814667141194,0.192235334232448,22,9.17931384173311,2.07280046797793,0.0,12889.0,6140.0,1832,26,107,70,3.76524738910879,4.714326718649231,4,0.0,0,24,0.4709615895499784,2.0,3,18.88385209877561,9.783295367207723,3.218875824868201,2.320357606270476,2
135601799,21601,62.9639988539345,44.4720000847386,52.9639988539345,24.4720000847386,13.2772914707021,71.8463398763034,0.166303936845571,20,9.41015238013841,2.63131821715615,11.2772914707021,14813.0,8449.0,1394,51,101,115,5.904088287698255,5.64639614616542,5,11.6740909783805,0,71,0.6006726721854527,2.0,3,18.72523320771875,9.980541181978419,4.276666119016055,2.342781520381264,3
28151655,21152,52.1588461007231,35.522958491498,42.1588461007231,15.522958491498,4.39698846441083,72.6874953145895,0.0,12,5.49909549243727,1.62056171117303,2.39698846441083,19799.0,8931.0,2814,43,75,107,0.0,0.0,4,2.05134350810088,0,86,0.4017453718215052,2.0,3,17.1531167385284,9.95953701838715,4.465908118654584,1.871663012208984,3
146154527,8380,47.720432510935,22.7889818663742,37.720432510935,2.78898186637422,0.0,58.4167001491434,0.284325252180905,28,4.22479181495093,1.34890941379106,0.0,6061.0,0.0,553,15,122,160,4.55591405788105,4.56962392896888,5,0.628127438832756,0,1,0.3867066482385796,,1,18.80017503090955,9.033722518098907,0.6931471805599453,1.65341495302855,1
42411699,3819,44.8803159327981,39.32033993100955,34.8803159327981,1.37510471928608,4.38309468856867,61.5059758955702,0.19602203029549,28,7.34858478142049,1.28280576181685,2.38309468856867,4729.0,2740.0,803,46,151,148,0.0,0.0,4,4.78517917397351,0,60,0.3714396467240669,1.0,1,17.56293482553304,8.24800570160062,4.110873864173311,2.122092037243145,1
95387788,20415,60.3764807641175,45.1944735583278,50.3764807641175,25.1944735583278,10.7488768594423,74.4736619752257,0.00140911028434065,14,5.67587526083677,2.00698705175419,8.74887685944232,23296.0,14326.0,2658,57,126,97,0.0,0.0,7,7.821679741758179,1,103,0.5691844182464045,3.0,4,18.37346113032252,9.924074186144516,4.644390899141372,1.898500320909145,3
42263261,17888,68.7184511883549,49.1806771825861,58.7184511883549,29.1806771825861,9.54937123381257,61.6678182643481,0.26777102012584,18,1.0,2.16149398029118,2.171216995913575,14808.0,5277.0,2663,37,57,83,12.6091088022001,13.7015540010463,3,8.3644808361201,0,43,0.5889332603467067,2.0,3,17.55942875600433,9.791941277791215,3.784189633918261,0.6931471805599453,2
106059824,14976,50.1982193897211,28.9084247690749,40.1982193897211,19.90231623464135,9.921590190576278,66.0972285736896,0.156153567964352,22,2.35330931705722,1.26000479003254,7.92159019057628,5009.0,4500.0,1536,25,151,102,0.0,0.0,3,9.43750803883477,0,57,0.497620046376571,2.0,1,18.47951387966247,9.614270969992395,4.060443010546419,1.209947714066471,2
70847616,2516,20.4747058006244,0.0,10.4747058006244,0.0,0.0,58.5435862557963,0.124298344163091,36,3.09500239814103,1.32290261507005,0.0,2442.0,509.0,207,19,120,146,0.0,6.06738409977376,9,0.0,0,10,0.5458213011658566,2.0,1,18.07604188909636,7.830822995135316,2.397895272798371,1.409767302931486,1
114462100,20269,90.604907072036,72.8720805824173,80.604907072036,52.8720805824173,1.71487299138112,65.2245728241047,41.0827783284347,15,7.95495364809835,0.681247383697028,0.0,13963.0,13378.0,2326,37,119,86,30.163690647121,31.6171253491972,6,0.0,0,93,0.6677578803667763,2.0,3,18.55575433053423,9.916897239446046,4.543294782270004,2.192206859407526,3
48839489,25737,75.8118847738498,62.1178668492403,65.81188477384981,42.1178668492403,1.66455939835982,70.6562851338636,0.0932676005720959,10,7.66340905156378,3.10612486256236,0.0,22636.0,11909.0,3587,69,88,115,5.677527792912549,6.06738409977376,4,0.0,1,114,0.5246371077560023,3.0,3,17.70404976489181,10.15572377805361,4.74493212836325,2.159108300027562,4
131287920,12183,56.6910013695883,34.8807751914643,46.6910013695883,14.8807751914643,0.0,65.5162993261014,0.242939513177094,16,6.00405827806349,1.83532360163552,2.171216995913575,9839.0,3305.0,1059,29,95,104,6.03554419708612,6.673498961461299,6,0.0,0,54,0.5204321744054528,2.0,3,18.69290333961087,9.407878894574997,4.007333185232471,1.946489735071954,2
84203915,8773,39.3574126728213,18.6560789202294,29.3574126728213,0.0,4.541292974794111,69.2512049278597,0.0230301443370736,18,4.29048041226204,1.6672476684676,2.54129297479411,9962.0,243.0,406,30,94,95,0.0,0.0,4,3.82182647583087,0,67,0.5398008809826839,2.0,3,18.24875198644462,9.07954808172616,4.219507705176107,1.665909056919168,2
24145030,10782,41.9432337872746,22.5747203439516,31.9432337872746,2.57472034395164,2.63387058523752,64.1962639942496,0.0,23,7.40790891490235,1.3774331407291,0.63387058523752,13469.0,10895.0,1697,53,136,143,5.904088287698255,0.0,5,1.38127596256671,0,71,0.4122571047283583,4.0,3,16.99958916119867,9.285726098882073,4.276666119016055,2.129172800369248,2
63596359,11302,57.93713189380441,37.8143966315661,47.93713189380441,17.8143966315661,4.24578939684003,57.0151003887092,0.184526199952055,12,2.72192820855519,1.58358804992166,2.24578939684003,10226.0,9485.0,1463,33,155,143,3.23169652317654,4.20714947072887,6,3.29488350173537,0,88,0.5839134599075003,2.0,3,17.9680667939681,9.33282345619073,4.48863636973214,1.314241869628659,2
2590135,13198,62.18228779549489,42.1135496921313,52.1822877954949,22.1135496921313,0.0,67.4960325124483,0.224709878296219,23,3.62528931281243,2.40490061229824,0.0,9552.0,1879.0,1735,38,147,100,7.347259243567531,6.06738409977376,4,0.0,0,82,0.6748650259369524,2.0,3,14.76722094194965,9.487896348128954,4.418840607796598,1.531538923129568,2
189743499,18617,45.0303875508292,23.8305786844257,35.0303875508291,3.83057868442578,0.0,60.9899913273726,0.100695847897235,25,5.55220202610112,1.45730230843514,0.0,12392.0,2945.0,1063,41,141,122,5.904088287698255,0.0,4,0.0,0,44,0.4663684250554194,2.0,1,19.0611837180538,9.831884133676436,3.80666248977032,1.87980118033992,2
159016313,7640,51.9532061945965,39.32033993100955,41.9532061945965,19.90231623464135,6.714286678550831,63.552185049078,0.225965969039787,16,5.16655495741238,0.563049053766636,4.71428667855083,4458.0,7737.0,780,37,131,126,3.03514374281499,3.528315613796789,8,6.727942936587231,0,17,0.529201994836035,1.0,3,18.88451735869468,8.941283763647567,2.890371757896165,1.819140328237882,1
177812275,7576,71.246005182468,49.82100573501189,61.246005182468,29.8210057350119,5.23152470322737,64.7320296018265,0.372310028617836,22,3.2917886987726,1.74876142821666,3.23152470322737,9698.0,10604.0,1530,53,138,163,5.904088287698255,20.3810039668714,6,4.8015244822098,0,65,0.3794398367329895,2.0,1,18.99623892253017,8.932872621931374,4.189654742026425,1.456703592142893,2
185215472,18361,58.51003218431629,39.2164096773403,48.5100321843162,19.2164096773403,1.07994298023273,66.304500634749,0.155432467136153,22,9.84590607042903,2.6739012576051,0.0,13512.0,7930.0,1535,42,81,120,1.81472620105863,2.95600169966343,4,0.0,0,68,0.5867324272684753,2.0,3,19.03703042420265,9.818038590703646,4.23410650459726,2.383787688085317,2
241004,3437,57.80877139621931,39.32033993100955,47.8087713962193,9.76308639251838,7.310023788948521,60.1712064090542,0.516006484117634,30,6.64522469296034,0.269612761995899,5.31002378894852,4631.0,0.0,687,1,136,138,22.1184154051016,21.5092784043614,7,9.5282977904289,0,0,0.3339025488709293,1.0,1,12.39257295914554,8.142645185942795,0.0,2.034081229787625,1
166845147,500,52.6071985746419,27.1831775638378,42.6071985746419,7.183177563837829,0.0,60.4984432156531,35.3880868200194,28,10.1581613427177,0.888733158879653,0.0,5732.0,0.0,0,17,78,101,10.6248490005719,10.5400447984111,4,0.0,0,10,0.4368633281537238,1.0,1,18.93257668272684,6.216606101084865,2.397895272798371,2.41217118914293,1
178934175,17459,49.5071540968729,28.2664169538594,39.5071540968729,8.266416953859421,10.6201771981885,65.4864598034971,0.147182500975295,21,5.94678660452217,2.30965482558659,8.62017719818852,13245.0,7796.0,1078,45,83,163,0.0,0.0,7,10.1164720553939,0,32,0.5420726857377064,2.0,1,19.00252856433152,9.767667829393593,3.49650756146648,1.938279193594233,2
194291712,13014,74.22190489481541,54.4038938626142,64.2219048948154,34.4038938626142,0.0,64.9723995420491,0.334575512300605,13,11.405001018182,1.53147905910926,0.0,12024.0,13687.0,1755,33,107,129,18.7851313720983,19.8215291656581,4,0.0,0,78,0.5284627611393018,2.0,3,19.08487126289771,9.473857817428666,4.369447852467021,2.518099699222117,2
101974678,33704,88.4251523218902,79.3673412536121,78.4251523218902,59.3673412536121,10.5903594173316,74.1795229337747,0.0246795880865848,1,9.95107536706219,1.6672476684676,8.59035941733166,25023.0,22797.0,4739,83,85,115,7.163898885757811,10.3523366721021,5,5.21348384464292,1,144,0.7763208448306597,3.0,4,18.44023509533259,10.42540147328754,4.976733742420574,2.393437658478157,4
167383639,13995,58.0327311511004,37.4030671329789,48.0327311511004,17.4030671329789,0.695322683256987,64.9680493924671,0.206773200272109,23,2.01379794496251,1.65278674214172,0.0,7102.0,10406.0,2060,36,152,200,4.54392479459213,5.417991990967829,7,0.0,0,52,0.4959601552326417,2.0,3,18.93579898125571,9.54652685348758,3.970291913552122,1.103201059125817,2
128387542,8953,63.2541788330806,43.4791811366794,53.2541788330806,23.4791811366794,6.87288704470914,67.7969413799583,22.3091691579659,16,12.4854733415985,1.41182547803936,4.87288704470914,11370.0,3931.0,1797,48,101,78,7.71417330444371,8.75917376516345,3,5.78288612326965,0,80,0.6434314394108431,2.0,3,18.67056392737971,9.09985563880091,4.394449154672439,2.601613057317776,2
114155305,18037,65.18145105313981,47.2170190028531,55.1814510531398,27.2170190028531,13.3176301215896,68.0248229386791,0.166320656643439,19,4.55636804840891,1.74383660672817,11.3176301215896,21458.0,5706.0,2838,51,111,46,5.29608797382787,6.703201563770531,6,11.5034029417042,0,33,0.4334391933022045,2.0,3,18.553070412558,9.800235922725653,3.526360524616162,1.71494466611223,3
64833086,20455,81.0366526993937,63.76645366943971,71.0366526993937,43.7664536694397,10.1628794430202,67.8452611911178,29.5714886252008,14,11.1336389421979,2.18851256294764,8.16287944302025,20214.0,17783.0,2200,50,53,61,19.4851303712835,21.0310905652927,4,8.07095905500187,0,76,0.578366626768793,2.0,3,17.98732663286158,9.926031516971022,4.343805421853684,2.495981673201167,3
31237542,2256,40.3123231834537,39.32033993100955,30.3123231834537,19.90231623464135,7.474170071121939,56.1192691462274,0.396137938532968,45,2.86759023215449,0.326627872154889,5.47417007112194,0.0,0.0,0,4,127,124,7.77030642336411,6.898807820038249,4,10.2171672777736,0,0,0.3619696786622866,1.0,1,17.25713123067502,7.721791776817535,0.0,1.352631634066741,1
195143218,26482,57.05679990695521,43.1309429141177,47.0567999069552,23.1309429141177,0.0,74.2288181336053,0.0,16,4.84717852774957,2.1081793832605,0.0,18480.0,15062.0,3519,46,121,84,0.0,0.0,7,0.0,1,96,0.5807406154721733,3.0,3,19.08924430335716,10.18425829668513,4.574710978503383,1.765959241949496,4
28974114,18993,41.1083646863579,21.0793460312512,31.1083646863579,1.07934603125125,9.70893482389625,63.8173306940776,0.0123024303780611,28,5.91197841581424,2.72101486921696,7.70893482389625,14238.0,15413.0,1012,41,119,107,0.0,0.0,5,8.72054228593893,0,30,0.5590257349403036,1.0,1,17.18191340315158,9.851878418802897,3.433987204485146,1.933255908784819,2
119528756,21755,68.2898897745802,51.7826857285667,58.2898897745802,31.7826857285667,8.3081513230301,66.8703934286833,0.136201467678371,17,13.7212028974122,1.75125359812024,6.308151323030101,14460.0,10245.0,3518,60,92,108,4.90717948501278,6.605738675810071,4,5.91103294143552,0,96,0.4704269877899172,2.0,3,18.5990675447371,9.98764486054285,4.574710978503383,2.689288828536148,3
71980340,33433,93.648601556648,85.8265511958994,83.64860155664799,65.8265511958994,4.0220727373245,71.584632926182,0.0250121307179217,3,14.707479710409,3.48042057845727,2.0220727373245,32169.625,27129.25,4792,100,83,25,9.42152242244469,12.8571123502949,4,0.0,1,132,0.761481984701525,3.0,4,18.091903598031,10.41732862526258,4.890349128221754,2.754137013580555,4
191399608,500,26.9447248990428,0.0,16.9447248990428,19.90231623464135,0.631276452745148,54.8388989418867,0.306512373116793,31,4.23382045736215,0.230140384865478,0.0,0.0,447.0,0,1,136,112,0.0,0.0,3,3.79380144442482,0,0,0.3401834922895007,1.0,1,19.06987399413883,6.216606101084865,0.0,1.655141500378998,1
152807674,15740,61.57664823086439,41.8590386034647,51.5766482308644,21.8590386034647,2.52821299124901,65.3098287734359,0.203906086659432,8,9.41379429558416,1.77239476694201,0.528212991249016,9784.0,2650.0,1689,45,155,94,5.89891133662375,6.95538941114381,5,1.41525684220889,0,75,0.5004788541456253,2.0,3,18.84469066249285,9.664024052354822,4.330733340286331,2.343131301865014,2
45838809,21391,49.3641900320574,27.892808640819,39.3641900320575,7.892808640819069,2.39925225981637,66.6057376435491,0.155439918752589,25,17.55617910246561,1.6672476684676,0.399252259816379,12504.0,14781.0,2036,49,124,155,0.0,0.0,5,1.98780481631175,0,21,0.419218503746948,2.0,3,17.64064167017341,9.970772299341725,3.091042453358316,2.920802838840417,2
112682426,27082,54.7898840433105,38.1165255863533,44.7898840433105,18.1165255863533,10.0119720898849,61.9292532234193,0.817989562531074,17,6.3540098728475,1.6672476684676,8.011972089884981,18259.0,4740.0,3394,38,136,66,0.0,0.0,6,7.68131547266789,0,109,0.5416680651734557,1.0,3,18.54008403961163,10.20666150375583,4.700480365792417,1.995245725392117,3
124757322,22928,76.2171519591465,61.39746605648219,66.2171519591465,41.3974660564822,6.29264426122838,70.2268233976525,0.144598327503363,11,9.22770851974848,3.69627865639458,4.29264426122838,18434.0,13460.0,3146,50,79,86,8.784398125540669,10.8204609450078,4,3.22051862229407,1,112,0.7263389007283167,3.0,4,18.64188099227585,10.04015776391099,4.727387818712341,2.325100558758141,4
154218894,10166,47.7001568427151,24.9467441949708,37.7001568427151,4.94674419497085,0.416276697436011,65.4658746282291,0.192644899632412,25,5.45667805363566,1.37996947265174,0.0,4783.0,0.0,998,7,122,126,0.0,0.0,5,0.517641756533731,0,33,0.4325310022464014,1.0,1,18.85388354725459,9.226902460275161,3.526360524616162,1.865114952347948,1
74067509,12349,59.1903707334138,38.6545065635554,49.1903707334138,18.6545065635554,4.28445270499023,68.6813625034356,0.214410002468192,26,14.5479064072175,1.87484935666868,2.28445270499023,9693.0,8678.0,2272,30,116,112,5.47644474107408,6.3692719071024,4,3.49879837293359,0,52,0.4231732335806949,2.0,3,18.12048753257548,9.421411342056123,3.970291913552122,2.743925993369177,2
109181294,22355,54.5431645041219,37.0146270846686,44.5431645041219,17.0146270846686,6.90799435601993,70.0268039968364,0.0416302166582556,11,11.6741816396095,2.0710680657043,4.90799435601993,13210.0,15658.0,1875,71,138,121,0.0,0.0,6,4.91940932380123,0,92,0.3958263063440977,,3,18.50852031539427,10.01485002038959,4.532599493153256,2.539566982470515,3
23681698,17094,49.6334141500402,30.0706562670119,39.6334141500402,10.0706562670119,0.0,64.8950251746145,7.79699725875905,19,7.41751662363641,1.1893654522589,0.0,6454.0,12586.0,1891,43,171,100,0.0,0.0,3,0.0,0,69,0.344276782009155,4.0,1,16.9802131137171,9.746541302073402,4.248495242049359,2.130314846941123,2
62153323,10620,34.9845414179539,10.1296259979685,24.9845414179539,0.0,9.65108385954253,61.9618042499489,0.153751861818928,38,7.88810141982844,1.04694555753447,7.65108385954253,6905.0,0.0,846,31,145,109,0.0,0.0,4,10.5930500275367,0,14,0.316290601677323,1.0,1,17.94511485799844,9.27058845232154,2.70805020110221,2.184713463144012,1
185215472,18973,58.51003218431629,39.2164096773403,48.5100321843162,19.2164096773403,1.07994298023273,66.304500634749,0.155432467136153,22,9.84590607042903,2.6739012576051,0.0,13512.0,7930.0,1535,42,81,120,1.81472620105863,2.95600169966343,4,0.0,0,68,0.5867324272684753,2.0,3,19.03703042420265,9.850824899952823,4.23410650459726,2.383787688085317,2
159016313,7904,51.9532061945965,39.32033993100955,41.9532061945965,19.90231623464135,6.714286678550831,63.552185049078,0.225965969039787,16,5.16655495741238,0.563049053766636,4.71428667855083,4458.0,7737.0,780,37,131,126,3.03514374281499,3.528315613796789,8,6.727942936587231,0,17,0.529201994836035,1.0,3,18.88451735869468,8.975250749643573,2.890371757896165,1.819140328237882,1
53930399,12069,62.78693343224811,42.8848324008961,52.7869334322481,22.8848324008961,0.0,66.4474169781039,22.3757577639267,17,4.28861466422162,1.6672476684676,0.0,14191.0,6002.0,2335,59,104,91,7.55197590749306,8.57155570122265,5,0.0,0,71,0.5819336498505913,2.0,3,17.80320488430797,9.398478314091577,4.276666119016055,1.665556333355144,2
66195678,15094,48.6347084125348,29.1517017069648,38.6347084125348,9.15170170696482,2.06141427737188,65.6499868766508,0.0646333657592879,27,7.42899912366841,1.74558057499224,0.0614142773718812,10606.0,7491.0,2258,23,122,99,0.0,0.0,3,0.8546169595998779,0,84,0.3856984329950957,2.0,3,18.00812574687361,9.622118842140939,4.442651256490317,2.131678037049082,2
135577691,21180,45.8005452045235,26.4267523737387,35.8005452045235,6.42675237373872,1.90639988057945,65.4670206011873,3.17047509381969,24,3.34661549596983,1.91757870278625,0.0,13332.0,14025.0,2094,44,132,61,0.0,0.0,5,65.59170128933751,0,51,0.5506190233693576,2.0,3,18.72505540666244,9.960859832393998,3.951243718581428,1.469397495361523,2
128387542,9103,63.2541788330806,43.4791811366794,53.2541788330806,23.4791811366794,6.87288704470914,67.7969413799583,22.3091691579659,16,12.4854733415985,1.41182547803936,4.87288704470914,11370.0,3931.0,1797,48,101,78,7.71417330444371,8.75917376516345,3,5.78288612326965,0,80,0.6434314394108431,2.0,3,18.67056392737971,9.116469156366112,4.394449154672439,2.601613057317776,2
78933262,26210,88.932612484802,76.18392029213061,78.93261248480201,56.18392029213059,0.370285023854367,72.4109839346962,0.184771196940219,6,8.94472914076906,2.2967354918908,0.0,21466.0,23596.0,3772,58,123,102,16.5294737472134,6.06738409977376,8,0.0,1,132,0.6286934921964548,3.0,4,18.18411328125832,10.1739344489662,4.890349128221754,2.297042676215485,4
48970871,19389,52.7225701844065,33.9678966820798,42.7225701844065,13.9678966820798,8.23138622726593,67.9207000076186,0.0749219889417861,19,8.40935982860429,1.39062181990247,6.23138622726593,16593.0,9559.0,2365,50,112,139,0.0,0.0,4,6.733255628196599,0,63,0.5753219173751621,2.0,3,17.70673623034046,9.872512748236698,4.158883083359671,2.241704920316477,2
